,country code,year,gdp
3,USA,2010,1.499210e+13
7,USA,2011,1.554260e+13
11,USA,2012,1.619700e+13
15,USA,2012,1.619700e+13
19,USA,2013,1.678480e+13
23,USA,2014,1.752170e+13
27,USA,2015,1.821930e+13
31,USA,2016,1.870720e+13
35,USA,2017,1.948540e+13
39,USA,2018,2.049410e+13
